Player,Nation,Pos,Age,Team,MP,Starts,Min,Gls,Ast,xG,xAG
Erling Haaland,no NOR,FW,23,Manchester City,31,29,2552,27,5,29.2,4.3
Cole Palmer,eng ENG,"FW,MF",21,Chelsea,33,29,2607,22,11,18.2,11.1
Alexander Isak,se SWE,FW,23,Newcastle United,30,27,2255,21,2,20.3,3.7
Dominic Solanke,eng ENG,FW,25,Bournemouth,38,37,3325,19,3,19.6,3.0
Ollie Watkins,eng ENG,FW,27,Aston Villa,37,37,3217,19,13,16.8,7.3
Phil Foden,eng ENG,"FW,MF",23,Manchester City,35,33,2857,19,8,10.3,8.4
Mohamed Salah,eg EGY,FW,31,Liverpool,32,28,2534,18,10,21.2,11.8
Son Heung-min,kr KOR,FW,31,Tottenham Hotspur,35,34,2934,17,10,12.0,11.8
Jean-Philippe Mateta,fr FRA,FW,26,Crystal Palace,35,25,2282,16,5,10.9,3.1
Bukayo Saka,eng ENG,FW,21,Arsenal,35,35,2919,16,9,15.5,10.5
Jarrod Bowen,eng ENG,FW,26,West Ham United,34,34,3019,16,6,11.6,5.5
Chris Wood,nz NZL,FW,31,Nottingham Forest,31,20,1812,14,1,11.9,2.1
Nicolas Jackson,sn SEN,FW,22,Chelsea,35,31,2799,14,5,18.6,4.3
Kai Havertz,de GER,"MF,FW",24,Arsenal,37,30,2634,13,7,12.3,4.4
Matheus Cunha,br BRA,"FW,MF",24,Wolverhampton,32,29,2440,12,7,9.5,3.2
Leandro Trossard,be BEL,"FW,MF",28,Arsenal,34,18,1649,12,1,7.9,2.8
Hwang Hee-chan,kr KOR,"FW,MF",27,Wolverhampton,29,25,2119,12,3,7.7,3.0
Yoane Wissa,cd COD,FW,26,Brentford,34,29,2493,12,3,10.6,3.9
Carlton Morris,eng ENG,"FW,MF",27,Luton Town,38,32,2862,11,4,11.4,2.8
Eberechi Eze,eng ENG,"MF,FW",25,Crystal Palace,27,24,2055,11,4,9.1,5.2
Anthony Gordon,eng ENG,FW,22,Newcastle United,35,34,2890,11,10,10.2,8.0
Darwin Núñez,uy URU,FW,24,Liverpool,36,22,2047,11,8,16.3,6.0
Julián Álvarez,ar ARG,"MF,FW",23,Manchester City,36,31,2647,11,8,13.0,6.4
Richarlison,br BRA,FW,26,Tottenham Hotspur,28,18,1491,11,4,9.6,2.1
Michael Olise,fr FRA,"FW,MF",21,Crystal Palace,19,14,1275,10,6,5.5,5.8
Bruno Fernandes,pt POR,"MF,FW",28,Manchester United,35,35,3118,10,8,10.0,11.8
Diogo Jota,pt POR,FW,26,Liverpool,21,14,1145,10,3,5.3,3.3
Elijah Adebayo,eng ENG,FW,25,Luton Town,27,16,1419,10,0,5.9,0.7
Rasmus Højlund,dk DEN,FW,20,Manchester United,30,25,2158,10,2,7.6,1.6
Leon Bailey,jm JAM,"MF,FW",25,Aston Villa,35,22,2068,10,9,6.3,9.2
Bryan Mbeumo,cm CMR,FW,23,Brentford,25,22,1960,9,6,9.8,4.6
Douglas Luiz,br BRA,MF,25,Aston Villa,35,35,2993,9,5,6.9,5.4
João Pedro,br BRA,"FW,MF",21,Brighton,31,19,2045,9,3,11.9,3.8
Callum Wilson,eng ENG,FW,31,Newcastle United,20,9,991,9,1,8.8,0.6
Rodrigo Muniz,br BRA,FW,22,Fulham,26,18,1593,9,1,8.7,2.0
Raheem Sterling,eng ENG,"FW,MF",28,Chelsea,31,22,1978,8,4,6.5,4.5
Martin Ødegaard,no NOR,MF,24,Arsenal,35,35,3091,8,10,7.4,9.6
Callum Hudson-Odoi,eng ENG,"FW,MF",22,Nottingham Forest,29,20,1854,8,1,2.7,2.8
Cody Gakpo,nl NED,"FW,MF",24,Liverpool,35,17,1649,8,5,9.0,2.9
Mohammed Kudus,gh GHA,"FW,MF",22,West Ham United,33,27,2484,8,6,5.1,3.5
Luis Díaz,co COL,FW,26,Liverpool,37,32,2629,8,5,11.9,5.7
Dejan Kulusevski,se SWE,"FW,MF",23,Tottenham Hotspur,36,31,2762,8,3,4.7,7.7
Rodri,es ESP,MF,27,Manchester City,34,34,2931,8,9,4.1,3.9
Antoine Semenyo,gh GHA,FW,23,Bournemouth,33,25,2105,8,2,4.6,3.2
Abdoulaye Doucouré,ml MLI,"FW,MF",30,Everton,32,32,2629,7,1,8.8,2.9
Dominic Calvert-Lewin,eng ENG,FW,26,Everton,32,26,2171,7,2,12.9,3.1
Raúl Jiménez,mx MEX,FW,32,Fulham,24,18,1395,7,0,5.2,1.5
James Ward-Prowse,eng ENG,MF,28,West Ham United,37,34,3001,7,7,6.0,7.8
Justin Kluivert,nl NED,"MF,FW",24,Bournemouth,32,26,1916,7,1,6.2,1.9
Declan Rice,eng ENG,MF,24,Arsenal,38,37,3225,7,8,3.3,5.3
Bruno Guimarães,br BRA,MF,25,Newcastle United,37,37,3263,7,8,4.8,6.4
Scott McTominay,sct SCO,"MF,FW",26,Manchester United,32,18,1901,7,1,5.7,0.8
Odsonne Édouard,fr FRA,"FW,MF",25,Crystal Palace,30,17,1555,7,0,6.2,1.2
Marcus Rashford,eng ENG,FW,25,Manchester United,33,26,2271,7,2,7.4,2.3
Tomáš Souček,cz CZE,MF,28,West Ham United,37,34,2870,7,2,6.7,1.7
Alejandro Garnacho,ar ARG,FW,19,Manchester United,36,30,2565,7,4,8.4,5.1
Ben Brereton,cl CHI,"FW,MF",24,Sheffield United,14,14,1105,6,1,6.1,1.5
Moussa Diaby,fr FRA,"FW,MF",24,Aston Villa,38,25,2174,6,8,7.0,6.6
Michail Antonio,jm JAM,FW,33,West Ham United,26,21,1695,6,2,5.8,0.9
Sean Longstaff,eng ENG,MF,25,Newcastle United,35,30,2747,6,2,6.6,2.3
Simon Adingra,ci CIV,FW,21,Brighton,31,25,2222,6,1,4.3,3.7
John McGinn,sct SCO,"MF,FW",28,Aston Villa,35,35,2999,6,4,5.0,4.6
Bernardo Silva,pt POR,"MF,FW",28,Manchester City,33,29,2578,6,9,3.7,7.6
Gabriel Martinelli,br BRA,FW,22,Arsenal,35,24,2019,6,4,6.8,6.1
Evan Ferguson,ie IRL,FW,18,Brighton,27,15,1367,6,0,4.6,0.5
Bobby Reid,jm JAM,FW,30,Fulham,33,17,1423,6,2,4.6,1.8
Oliver McBurnie,sct SCO,FW,27,Sheffield United,21,15,1280,6,3,6.9,2.0
Jacob Bruun Larsen,dk DEN,"MF,FW",24,Burnley,32,16,1249,6,0,5.0,1.5
Neal Maupay,fr FRA,FW,26,Brentford,29,13,1321,6,3,5.7,2.3
Taiwo Awoniyi,ng NGA,FW,25,Nottingham Forest,20,12,1042,6,3,4.7,1.7
Anthony Elanga,se SWE,"FW,MF",21,Nottingham Forest,36,25,2433,5,9,6.6,6.7
Cristian Romero,ar ARG,DF,25,Tottenham Hotspur,33,33,2790,5,0,3.5,0.4
Jhon Durán,co COL,"FW,MF",19,Aston Villa,23,3,475,5,0,2.0,0.3
Alexis Mac Allister,ar ARG,MF,24,Liverpool,33,31,2599,5,5,3.7,3.6
Brennan Johnson,wls WAL,FW,22,Tottenham Hotspur,32,23,2085,5,10,10.3,8.1
Danny Welbeck,eng ENG,"FW,MF",32,Brighton,29,21,1693,5,1,5.3,1.7
Harvey Barnes,eng ENG,"FW,MF",25,Newcastle United,21,7,802,5,3,3.6,3.2
Zeki Amdouni,ch SUI,FW,22,Burnley,34,27,1953,5,1,5.8,1.4
Ross Barkley,eng ENG,MF,29,Luton Town,32,30,2618,5,4,4.1,3.7
Noni Madueke,eng ENG,FW,21,Chelsea,23,13,1053,5,2,2.5,2.6
Conor Gallagher,eng ENG,MF,23,Chelsea,37,37,3128,5,7,4.2,5.0
Lyle Foster,za RSA,"FW,MF",22,Burnley,24,22,1899,5,3,4.5,1.9
Morgan Gibbs-White,eng ENG,"MF,FW",23,Nottingham Forest,37,35,3156,5,10,6.9,8.4
Eddie Nketiah,eng ENG,FW,24,Arsenal,27,10,1082,5,2,4.5,0.8
Mykhailo Mudryk,ua UKR,FW,22,Chelsea,31,18,1576,5,2,4.4,4.1
Alex Iwobi,ng NGA,"FW,MF",27,Fulham,30,25,2192,5,2,5.3,4.7
Fabian Schär,ch SUI,DF,31,Newcastle United,36,35,3054,4,1,2.5,0.7
Jordan Ayew,gh GHA,"FW,MF",31,Crystal Palace,35,30,2543,4,7,3.9,4.2
Joško Gvardiol,hr CRO,DF,21,Manchester City,28,26,2328,4,1,3.1,1.4
Gustavo Hamer,nl NED,MF,26,Sheffield United,36,34,2910,4,6,3.0,6.1
Cameron Archer,eng ENG,"FW,MF",22,Sheffield United,29,21,1832,4,1,5.5,2.8
Willian,br BRA,FW,34,Fulham,31,24,2053,4,2,5.1,3.9
Gabriel Jesus,br BRA,FW,26,Arsenal,27,17,1478,4,5,6.3,3.8
Lucas Paquetá,br BRA,"FW,MF",25,West Ham United,31,31,2622,4,6,5.4,5.4
Pascal Groß,de GER,"MF,DF",32,Brighton,36,34,3114,4,10,6.5,8.1
Harry Wilson,wls WAL,FW,26,Fulham,35,16,1620,4,6,3.4,3.5
Idrissa Gana Gueye,sn SEN,MF,33,Everton,25,24,1884,4,0,1.3,1.1
Marcos Senesi,ar ARG,DF,26,Bournemouth,31,26,2242,4,5,2.0,1.7
James Maddison,eng ENG,MF,26,Tottenham Hotspur,28,26,2135,4,9,6.4,5.9
Pablo Sarabia,es ESP,"MF,FW",31,Wolverhampton,30,20,1745,4,7,5.5,5.9
Mario Lemina,ga GAB,MF,29,Wolverhampton,35,34,2968,4,1,4.6,1.5
Ivan Toney,eng ENG,FW,27,Brentford,17,16,1450,4,2,6.0,1.5
Chiedozie Ogbene,ie IRL,"MF,DF",26,Luton Town,30,20,1995,4,1,4.2,3.1
Gabriel Magalhães,br BRA,DF,25,Arsenal,36,34,3044,4,0,4.3,0.7
Tahith Chong,nl NED,"MF,FW",23,Luton Town,33,20,1982,4,0,2.7,0.5
Ben White,eng ENG,DF,25,Arsenal,37,35,2988,4,4,1.2,3.8
David Datro Fofana,ci CIV,FW,20,Burnley,15,10,879,4,1,4.5,1.8
Josh Brownhill,eng ENG,MF,27,Burnley,33,23,2252,4,2,1.9,2.1
Kevin De Bruyne,be BEL,MF,32,Manchester City,18,15,1221,4,10,2.4,11.5
João Palhinha,pt POR,MF,28,Fulham,33,31,2699,4,1,3.3,0.8
Christopher Nkunku,fr FRA,"FW,MF",25,Chelsea,11,2,443,3,0,2.3,0.2
Jeremy Doku,be BEL,"FW,MF",21,Manchester City,29,18,1595,3,8,2.5,4.6
James Mcatee,eng ENG,"MF,FW",20,Sheffield United,30,20,1822,3,3,3.1,2.9
Kobbie Mainoo,eng ENG,MF,18,Manchester United,24,24,1924,3,1,0.9,0.7
Kurt Zouma,fr FRA,DF,28,West Ham United,33,32,2838,3,0,1.8,0.2
Morgan Rogers,eng ENG,"MF,FW",21,Aston Villa,11,8,638,3,1,1.4,0.6
Dominik Szoboszlai,hu HUN,MF,22,Liverpool,33,25,2104,3,2,3.7,5.8
Jayden Bogle,eng ENG,DF,23,Sheffield United,34,32,2788,3,0,2.3,1.0
Trent Alexander-Arnold,eng ENG,DF,24,Liverpool,28,25,2155,3,4,2.6,7.2
Beto,gw GNB,FW,25,Everton,30,9,951,3,0,6.8,0.9
Solly March,eng ENG,"FW,DF",29,Brighton,7,7,554,3,1,2.0,1.0
Pedro Porro,es ESP,DF,23,Tottenham Hotspur,35,35,3089,3,7,2.9,7.2
Marcus Tavernier,eng ENG,FW,24,Bournemouth,30,25,2118,3,4,3.9,5.2
Jack Hinshelwood,eng ENG,DF,18,Brighton,12,8,869,3,0,1.9,0.7
Harvey Elliott,eng ENG,"MF,FW",20,Liverpool,34,11,1352,3,6,2.7,3.5
Dara O'Shea,ie IRL,DF,24,Burnley,33,32,2892,3,4,0.7,2.0
Keane Lewis-Potter,eng ENG,"FW,DF",22,Brentford,30,15,1441,3,1,6.3,1.7
Enzo Fernández,ar ARG,MF,22,Chelsea,28,26,2209,3,2,6.2,3.4
Mathias Jensen,dk DEN,MF,27,Brentford,32,27,2204,3,3,0.7,4.0
Jacob Murphy,eng ENG,"FW,DF",28,Newcastle United,21,14,1189,3,7,2.1,5.0
Thiago Silva,br BRA,DF,38,Chelsea,31,28,2527,3,1,0.8,1.0
Andrew Robertson,sct SCO,DF,29,Liverpool,23,18,1693,3,2,1.9,5.4
Wilson Odobert,fr FRA,"MF,FW",18,Burnley,29,25,2098,3,2,2.8,3.3
Jack Grealish,eng ENG,"FW,MF",27,Manchester City,20,10,1009,3,1,2.1,2.5
Miguel Almirón,py PAR,FW,29,Newcastle United,33,23,1937,3,1,4.5,2.6
Kaoru Mitoma,jp JPN,FW,26,Brighton,19,15,1486,3,4,3.5,2.7
Facundo Buonanotte,ar ARG,"FW,MF",18,Brighton,27,17,1364,3,1,2.4,1.8
Micky van de Ven,nl NED,DF,22,Tottenham Hotspur,27,27,2339,3,0,0.6,0.0
Pape Matar Sarr,sn SEN,MF,20,Tottenham Hotspur,34,27,2069,3,3,3.4,2.2
Lewis Dunk,eng ENG,DF,31,Brighton,33,33,2869,3,1,3.1,0.9
Dwight McNeil,eng ENG,"MF,FW",23,Everton,35,33,2892,3,6,3.4,8.8
Andreas Pereira,br BRA,MF,27,Fulham,37,34,2613,3,7,4.6,7.1
Jarrad Branthwaite,eng ENG,DF,21,Everton,35,35,3116,3,0,1.7,1.0
Jack Harrison,eng ENG,"MF,FW",26,Everton,29,25,2214,3,3,3.6,3.4
Sven Botman,nl NED,DF,23,Newcastle United,17,15,1377,2,2,0.6,1.0
Joelinton,br BRA,"MF,FW",26,Newcastle United,20,15,1279,2,1,3.1,2.8
Ethan Pinnock,jm JAM,DF,30,Brentford,29,28,2521,2,0,2.0,1.0
Ben Mee,eng ENG,DF,33,Brentford,16,15,1272,2,0,1.5,0.3
Sasa Kalajdzic,at AUT,FW,26,Wolverhampton,11,1,166,2,0,1.1,1.0
Danilo,br BRA,MF,22,Nottingham Forest,29,20,1792,2,2,1.8,1.5
Nicolás Domínguez,ar ARG,"MF,FW",25,Nottingham Forest,26,19,1495,2,2,1.3,1.0
William Saliba,fr FRA,DF,22,Arsenal,38,38,3420,2,1,1.6,0.2
Gabriel Osho,ng NGA,DF,24,Luton Town,21,21,1846,2,0,1.1,0.1
Jarell Quansah,eng ENG,DF,20,Liverpool,17,13,1190,2,0,1.0,0.1
Josh Cullen,ie IRL,MF,27,Burnley,25,23,2057,2,3,0.6,1.8
Jay Rodriguez,eng ENG,FW,34,Burnley,21,7,822,2,1,3.5,0.2
Kristoffer Ajer,no NOR,DF,25,Brentford,28,21,1832,2,1,1.3,2.3
Christian Nørgaard,dk DEN,MF,29,Brentford,31,30,2505,2,1,3.5,1.9
Kevin Schade,de GER,"FW,MF",21,Brentford,11,3,333,2,1,1.2,0.7
Takehiro Tomiyasu,jp JPN,DF,24,Arsenal,22,10,1149,2,1,1.5,0.4
Axel Disasi,fr FRA,DF,25,Chelsea,31,29,2579,2,0,2.4,0.3
Luke Berry,eng ENG,"MF,DF",31,Luton Town,17,2,323,2,1,1.0,0.3
Jacob Brown,sct SCO,"MF,FW",25,Luton Town,19,12,1019,2,0,2.8,0.7
Alfie Doughty,eng ENG,DF,23,Luton Town,37,34,2925,2,8,1.3,6.3
Willy Boly,ci CIV,DF,32,Nottingham Forest,20,18,1438,2,1,1.5,1.3
João Gomes,br BRA,MF,22,Wolverhampton,34,32,2649,2,1,1.7,1.1
Timo Werner,de GER,FW,27,Tottenham Hotspur,13,10,809,2,3,3.7,2.7
Adama Traoré,es ESP,"FW,MF",27,Fulham,17,1,377,2,3,1.5,0.7
Carlos Vinícius,br BRA,FW,28,Fulham,13,2,315,2,0,1.6,0.8
Amadou Onana,be BEL,MF,21,Everton,30,23,2091,2,0,2.0,2.7
Vitaliy Mykolenko,ua UKR,DF,24,Everton,28,28,2469,2,0,1.5,0.9
Destiny Udogie,it ITA,DF,20,Tottenham Hotspur,28,28,2391,2,3,2.4,2.2
Dan Burn,eng ENG,DF,31,Newcastle United,33,32,2726,2,2,3.1,1.1
Pedro Neto,pt POR,"FW,MF",23,Wolverhampton,20,18,1516,2,9,3.5,4.4
Jean-Ricner Bellegarde,fr FRA,"MF,FW",25,Wolverhampton,22,10,958,2,1,1.6,1.0
Enes Ünal,tr TUR,"FW,MF",26,Bournemouth,16,2,328,2,2,2.9,1.0
Luis Sinisterra,co COL,"FW,MF",24,Bournemouth,20,7,699,2,2,2.5,2.4
Max Kilman,eng ENG,DF,26,Wolverhampton,38,38,3420,2,0,1.8,1.4
Rayan Aït-Nouri,dz ALG,"DF,MF",22,Wolverhampton,33,29,2329,2,1,3.3,2.4
Pervis Estupiñán,ec ECU,DF,25,Brighton,19,15,1243,2,3,1.0,3.5
Ansu Fati,es ESP,"MF,FW",20,Brighton,19,3,521,2,0,3.4,0.8
Philip Billing,dk DEN,MF,27,Bournemouth,29,13,1398,2,2,2.5,3.2
Tosin Adarabioyo,eng ENG,DF,25,Fulham,20,18,1617,2,0,0.7,0.1
Álex Moreno,es ESP,DF,30,Aston Villa,21,11,1031,2,0,1.1,1.1
Nicolò Zaniolo,it ITA,"FW,MF",24,Aston Villa,25,9,839,2,0,2.6,1.0
Youri Tielemans,be BEL,"MF,FW",26,Aston Villa,32,17,1622,2,6,1.3,2.6
Joachim Andersen,dk DEN,DF,27,Crystal Palace,38,38,3415,2,3,1.7,2.8
Tyrick Mitchell,eng ENG,"DF,MF",23,Crystal Palace,37,37,3204,2,3,1.6,2.8
Diogo Dalot,pt POR,DF,24,Manchester United,36,35,3174,2,3,1.7,2.9
Harry Maguire,eng ENG,DF,30,Manchester United,22,18,1653,2,2,2.0,1.2
Jeffrey Schlupp,gh GHA,"FW,MF",30,Crystal Palace,29,17,1352,2,2,1.8,2.3
Giovani Lo Celso,ar ARG,MF,27,Tottenham Hotspur,22,4,506,2,2,0.6,1.9
Anel Ahmedhodžić,ba BIH,DF,24,Sheffield United,31,29,2649,2,0,3.1,0.8
Matty Cash,pl POL,DF,25,Aston Villa,29,23,2142,2,2,4.2,2.3
Pau Torres,es ESP,DF,26,Aston Villa,29,27,2464,2,0,1.0,0.4
Virgil van Dijk,nl NED,DF,32,Liverpool,36,36,3177,2,2,2.8,1.6
Nathan Aké,nl NED,DF,28,Manchester City,29,24,2042,2,2,2.5,1.2
Rico Lewis,eng ENG,"DF,MF",18,Manchester City,16,8,809,2,0,0.6,1.1
Manuel Akanji,ch SUI,"DF,MF",28,Manchester City,30,28,2511,2,0,1.9,0.5
Ameen Al-Dakhil,be BEL,DF,21,Burnley,13,12,1056,1,0,1.3,0.1
Jóhann Berg Guðmundsson,is ISL,"MF,FW",32,Burnley,26,12,1192,1,3,1.9,2.7
Luca Koleosho,it ITA,"MF,FW",18,Burnley,15,13,974,1,1,2.0,1.3
Lorenz Assignon,tg TOG,DF,23,Burnley,15,15,1234,1,2,0.4,2.6
Mateo Kovačić,hr CRO,MF,29,Manchester City,30,16,1551,1,0,1.3,1.6
John Stones,eng ENG,"DF,MF",29,Manchester City,16,12,1064,1,0,1.0,0.2
Charlie Taylor,eng ENG,DF,29,Burnley,28,25,2331,1,1,0.2,1.2
Teden Mengi,eng ENG,DF,21,Luton Town,30,28,2469,1,0,0.6,0.3
Albert Sambi Lokonga,be BEL,MF,23,Luton Town,17,16,1303,1,3,0.6,1.4
Jordan Clark,eng ENG,MF,29,Luton Town,23,14,1304,1,1,1.0,1.3
Andros Townsend,eng ENG,"MF,FW",32,Luton Town,27,14,1210,1,3,1.2,1.3
Ryan Yates,eng ENG,MF,25,Nottingham Forest,35,21,1992,1,1,2.6,0.8
Ola Aina,ng NGA,DF,26,Nottingham Forest,22,20,1692,1,1,0.3,0.9
Orel Mangala,be BEL,MF,25,Nottingham Forest,20,19,1563,1,0,0.8,0.2
Moussa Niakhate,sn SEN,DF,27,Nottingham Forest,21,15,1460,1,0,1.1,0.1
Harry Toffolo,eng ENG,DF,27,Nottingham Forest,23,15,1459,1,3,1.6,1.5
Jacob Ramsey,eng ENG,"FW,MF",22,Aston Villa,16,8,853,1,1,2.2,1.0
Leander Dendoncker,be BEL,MF,28,Aston Villa,8,1,119,1,0,0.7,0.0
Ezri Konsa,eng ENG,DF,25,Aston Villa,35,35,3069,1,0,2.5,0.5
Lucas Digne,fr FRA,DF,30,Aston Villa,33,27,2410,1,3,1.1,4.1
Mason Mount,eng ENG,"MF,FW",24,Manchester United,14,5,516,1,0,0.4,0.3
Anthony Martial,fr FRA,FW,27,Manchester United,13,5,448,1,0,1.2,0.2
Amad Diallo,ci CIV,"FW,MF",21,Manchester United,9,3,390,1,1,0.5,1.1
Hannibal Mejbri,tn TUN,"MF,FW",20,Manchester United,5,1,133,1,0,0.0,0.4
Shandon Baptiste,gd GRN,MF,25,Brentford,10,2,229,1,1,0.9,0.2
Moisés Caicedo,ec ECU,MF,21,Chelsea,35,33,2866,1,3,0.4,2.6
Levi Colwill,eng ENG,DF,20,Chelsea,23,20,1797,1,1,1.3,1.2
Jakub Kiwior,pl POL,DF,23,Arsenal,20,11,946,1,3,0.8,0.9
Fabio Vieira,pt POR,"MF,FW",23,Arsenal,11,2,297,1,2,1.3,1.6
Mathias Jørgensen,dk DEN,DF,33,Brentford,14,12,1087,1,0,0.7,0.9
Frank Onyeka,ng NGA,MF,25,Brentford,26,11,1161,1,2,2.2,1.8
Saman Ghoddos,ir IRN,DF,29,Brentford,19,7,739,1,0,0.3,1.1
Oleksandr Zinchenko,ua UKR,DF,26,Arsenal,27,20,1722,1,2,0.6,2.5
Vitaly Janelt,de GER,"MF,DF",25,Brentford,38,37,3054,1,3,1.8,4.8
Nathan Collins,ie IRL,DF,22,Brentford,32,29,2652,1,1,1.7,2.2
Mads Roerslev,dk DEN,DF,24,Brentford,34,22,1985,1,2,0.9,1.8
Lewis Miley,eng ENG,MF,17,Newcastle United,17,14,1202,1,3,1.2,1.7
Jamaal Lascelles,eng ENG,DF,29,Newcastle United,16,13,1080,1,0,0.7,0.1
Valentino Livramento,eng ENG,DF,20,Newcastle United,26,12,1314,1,0,0.4,0.8
Kieran Trippier,eng ENG,DF,32,Newcastle United,28,26,2236,1,10,0.7,7.5
Armando Broja,al ALB,FW,21,Chelsea,13,6,454,1,0,2.4,0.2
Carney Chukwuemeka,eng ENG,"MF,FW",19,Chelsea,9,2,227,1,1,0.2,0.3
Alfie Gilchrist,eng ENG,DF,19,Chelsea,11,2,207,1,0,0.3,0.0
Jefferson Lerma,co COL,"MF,DF",28,Crystal Palace,28,27,2400,1,1,2.7,2.2
Chris Richards,us USA,"DF,MF",23,Crystal Palace,26,23,2094,1,1,0.6,0.4
Danny Ings,eng ENG,FW,31,West Ham United,20,3,404,1,0,1.3,0.3
Maxwel Cornet,ci CIV,"MF,FW",26,West Ham United,7,1,112,1,0,0.4,0.2
George Earthy,eng ENG,FW,18,West Ham United,3,0,34,1,0,0.3,0.0
Emerson Palmieri,it ITA,DF,28,West Ham United,36,35,3137,1,2,1.5,2.4
Edson Álvarez,mx MEX,MF,25,West Ham United,31,28,2377,1,1,1.3,0.6
Nayef Aguerd,ma MAR,DF,27,West Ham United,21,21,1857,1,0,1.5,0.3
Konstantinos Mavropanos,gr GRE,DF,25,West Ham United,19,16,1500,1,0,1.2,0.2
Craig Dawson,eng ENG,DF,33,Wolverhampton,25,25,2209,1,1,1.5,1.4
Matt Doherty,ie IRL,"DF,MF",31,Wolverhampton,30,9,1150,1,0,0.8,1.3
Trevoh Chalobah,eng ENG,DF,24,Chelsea,13,10,952,1,0,0.2,0.1
Kieffer Moore,wls WAL,"FW,MF",30,Bournemouth,8,0,108,1,0,1.5,0.2
Toti Gomes,pt POR,DF,24,Wolverhampton,35,31,2772,1,3,1.6,1.2
Alex Scott,eng ENG,MF,19,Bournemouth,23,11,1014,1,1,0.7,1.7
David Brooks,wls WAL,"FW,MF",26,Bournemouth,13,2,282,1,1,2.2,1.0
Dango Ouattara,bf BFA,"FW,DF",21,Bournemouth,30,12,1229,1,2,2.6,1.5
Illia Zabarnyi,ua UKR,DF,20,Bournemouth,37,37,3330,1,0,1.1,0.4
Rodrigo Bentancur,uy URU,MF,26,Tottenham Hotspur,23,13,1005,1,1,1.9,0.5
Ben Davies,wls WAL,DF,30,Tottenham Hotspur,17,12,1090,1,0,2.3,0.4
Emerson,br BRA,DF,24,Tottenham Hotspur,22,11,1161,1,0,0.2,0.4
Lewis Hall,eng ENG,DF,18,Newcastle United,18,8,781,1,0,0.3,0.3
Sandro Tonali,it ITA,MF,23,Newcastle United,8,5,438,1,0,0.7,0.6
Joe Willock,eng ENG,MF,23,Newcastle United,9,5,419,1,0,0.8,0.6
Matt Ritchie,sct SCO,"FW,MF",33,Newcastle United,13,0,128,1,0,1.0,0.0
Joël Veltman,nl NED,DF,31,Brighton,27,17,1588,1,1,0.4,0.5
Arnaut Danjuma,nl NED,"MF,FW",26,Everton,14,5,595,1,0,2.6,1.1
Michael Keane,eng ENG,DF,30,Everton,9,4,439,1,0,0.7,0.0
André Gomes,pt POR,"MF,FW",30,Everton,12,3,508,1,0,0.3,0.4
Lewis Dobbin,eng ENG,MF,20,Everton,12,1,232,1,0,0.3,0.5
James Tarkowski,eng ENG,DF,30,Everton,38,38,3419,1,1,2.6,2.5
James Garner,eng ENG,MF,22,Everton,37,34,3004,1,2,2.7,4.6
Tom Cairney,sct SCO,MF,32,Fulham,34,14,1488,1,4,1.1,2.3
Saša Lukić,rs SRB,MF,26,Fulham,24,13,1122,1,0,1.6,0.8
Kenny Tete,nl NED,DF,27,Fulham,14,10,867,1,0,0.9,0.4
Christian Eriksen,dk DEN,MF,31,Manchester United,22,12,1141,1,2,1.0,2.3
Timothy Castagne,be BEL,DF,27,Fulham,34,29,2634,1,3,1.6,1.9
Calvin Bassey,ng NGA,DF,23,Fulham,29,25,2303,1,0,0.3,0.0
Tim Ream,us USA,DF,35,Fulham,18,17,1503,1,0,1.0,0.0
Casemiro,br BRA,"MF,DF",31,Manchester United,25,24,1982,1,2,3.5,1.0
Raphaël Varane,fr FRA,DF,30,Manchester United,22,16,1375,1,0,1.3,0.1
Antony,br BRA,FW,23,Manchester United,29,15,1324,1,1,3.4,2.8
Victor Lindelöf,se SWE,DF,29,Manchester United,19,14,1328,1,1,0.8,0.3
Alejo Véliz,ar ARG,FW,19,Tottenham Hotspur,8,0,50,1,0,0.2,0.0
Sander Berge,no NOR,MF,25,Burnley,37,34,3005,1,2,1.9,2.4
Wataru Endo,jp JPN,MF,30,Liverpool,29,20,1722,1,0,0.5,1.7
Curtis Jones,eng ENG,MF,22,Liverpool,23,14,1167,1,1,2.6,0.7
Ryan Gravenberch,nl NED,MF,21,Liverpool,26,12,1121,1,0,2.0,0.9
Conor Bradley,nir NIR,DF,20,Liverpool,11,10,753,1,3,0.9,1.5
Tom Lockyer,wls WAL,DF,28,Luton Town,14,14,1169,1,1,1.1,0.6
Mads Juel Andersen,dk DEN,DF,25,Luton Town,8,4,400,1,0,0.3,0.0
Cauley Woodrow,eng ENG,"FW,MF",28,Luton Town,24,2,427,1,1,1.4,1.2
Jack Robinson,eng ENG,DF,29,Sheffield United,34,31,2885,1,1,1.2,1.2
Vinicius Souza,br BRA,MF,24,Sheffield United,36,29,2668,1,0,0.6,0.2
Oliver Norwood,nir NIR,MF,32,Sheffield United,27,16,1440,1,0,1.1,0.6
Oscar Bobb,no NOR,"FW,MF",20,Manchester City,14,2,302,1,1,1.4,1.2
Ryan One,sct SCO,FW,17,Sheffield United,1,0,8,0,0,0.0,0.0
Kalvin Phillips,eng ENG,MF,27,Manchester City,4,0,93,0,0,0.1,0.0
Sergio Gómez,es ESP,"FW,MF",22,Manchester City,6,0,53,0,1,0.2,0.2
Aymeric Laporte,es ESP,DF,29,Manchester City,1,0,12,0,0,0.0,0.0
Cole Palmer,eng ENG,MF,21,Manchester City,1,0,11,0,0,0.0,0.0
James Mcatee,eng ENG,MF,20,Manchester City,1,0,1,0,0,0.0,0.0
Alisson,br BRA,GK,30,Liverpool,28,28,2520,0,0,0.0,0.0
Han-Noah Massengo,fr FRA,"MF,DF",22,Burnley,3,0,16,0,0,0.0,0.0
Wes Foderingham,eng ENG,GK,32,Sheffield United,30,29,2649,0,0,0.0,0.1
Auston Trusty,us USA,DF,24,Sheffield United,32,28,2572,0,0,0.4,1.1
Ben Osborn,eng ENG,"DF,MF",28,Sheffield United,24,14,1367,0,2,0.2,0.9
Andre Brooks,eng ENG,"MF,DF",19,Sheffield United,20,12,938,0,0,0.4,0.1
George Baldock,gr GRE,DF,30,Sheffield United,13,11,969,0,1,0.0,0.8
Oliver Arblaster,eng ENG,MF,19,Sheffield United,12,11,943,0,0,0.0,0.7
Luke Thomas,eng ENG,DF,22,Sheffield United,12,11,917,0,0,0.5,0.1
William Osula,dk DEN,FW,19,Sheffield United,21,9,786,0,0,1.6,0.1
Ivo Grbić,hr CRO,GK,27,Sheffield United,9,9,771,0,0,0.0,0.0
Mason Holgate,eng ENG,DF,26,Sheffield United,10,9,710,0,0,0.6,0.4
Yasser Larouci,dz ALG,DF,22,Sheffield United,11,6,531,0,0,0.2,0.3
John Egan,ie IRL,DF,30,Sheffield United,6,6,482,0,0,0.2,0.0
Max Lowe,eng ENG,"DF,MF",26,Sheffield United,10,4,503,0,0,0.6,0.7
Anis Ben Slimane,tn TUN,MF,22,Sheffield United,15,4,419,0,0,0.8,0.3
Bénie Adama Traore,ci CIV,"FW,MF",20,Sheffield United,8,3,387,0,0,0.3,0.5
Rhian Brewster,eng ENG,"FW,MF",23,Sheffield United,13,3,346,0,0,0.4,0.1
Chris Basham,eng ENG,"DF,MF",35,Sheffield United,8,3,321,0,0,0.1,0.3
Tom Davies,eng ENG,MF,25,Sheffield United,9,2,221,0,0,0.4,0.1
Gonzalo Montiel,ar ARG,DF,26,Nottingham Forest,14,8,801,0,2,0.1,1.4
Andrew Omobamidele,ie IRL,DF,21,Nottingham Forest,11,8,783,0,0,0.1,0.1
Divock Origi,be BEL,FW,28,Nottingham Forest,20,6,606,0,1,1.4,2.1
Nuno Tavares,pt POR,DF,23,Nottingham Forest,8,5,457,0,0,0.2,0.5
Odisseas Vlachodimos,gr GRE,GK,29,Nottingham Forest,5,5,450,0,0,0.0,0.0
Joe Worrall,eng ENG,DF,26,Nottingham Forest,7,5,439,0,0,0.1,0.2
Scott McKenna,sct SCO,DF,26,Nottingham Forest,5,5,416,0,0,0.2,0.2
Felipe,br BRA,DF,34,Nottingham Forest,7,4,375,0,0,0.1,0.1
Finley Munroe,eng ENG,MF,18,Aston Villa,1,0,4,0,0,0.0,0.0
Jaden Philogene Bidace,eng ENG,FW,21,Aston Villa,1,0,4,0,0,0.0,0.0
Vladimír Coufal,cz CZE,DF,30,West Ham United,36,36,3132,0,7,0.3,4.0
Neco Williams,wls WAL,DF,22,Nottingham Forest,26,18,1637,0,1,0.8,1.6
Matt Turner,us USA,GK,29,Nottingham Forest,17,17,1530,0,0,0.0,0.0
Matz Sels,be BEL,GK,31,Nottingham Forest,16,16,1440,0,0,0.0,0.1
Ibrahim Sangaré,ci CIV,MF,25,Nottingham Forest,17,13,1035,0,0,0.6,0.4
Serge Aurier,ci CIV,"DF,MF",30,Nottingham Forest,12,10,833,0,2,0.2,0.5
Tim Iroegbunam,eng ENG,MF,20,Aston Villa,9,1,164,0,0,0.0,0.0
Calum Chambers,eng ENG,"MF,DF",28,Aston Villa,5,1,152,0,1,0.0,0.1
Tyrone Mings,eng ENG,DF,30,Aston Villa,1,1,30,0,0,0.0,0.0
Omari Kellyman,eng ENG,FW,17,Aston Villa,2,0,37,0,0,0.1,0.0
Philippe Coutinho,br BRA,"MF,FW",31,Aston Villa,2,0,25,0,0,0.1,0.0
Bertrand Traoré,bf BFA,"DF,FW",27,Aston Villa,2,0,11,0,0,0.0,0.0
Cameron Archer,eng ENG,MF,22,Aston Villa,1,0,6,0,0,0.0,0.0
Kaine Kesler-Hayden,eng ENG,"MF,DF",20,Aston Villa,3,0,6,0,0,0.0,0.0
Ethan Wheatley,eng ENG,FW,17,Manchester United,3,0,16,0,0,0.0,0.0
Donny van de Beek,nl NED,DF,26,Manchester United,1,0,3,0,0,0.0,0.1
Daniel Gore,eng ENG,MF,18,Manchester United,1,0,1,0,0,0.0,0.0
Emiliano Martínez,ar ARG,GK,30,Aston Villa,34,34,3015,0,0,0.0,0.0
Diego Carlos,br BRA,DF,30,Aston Villa,27,20,1816,0,0,1.9,0.1
Boubacar Kamara,fr FRA,MF,23,Aston Villa,20,20,1652,0,1,0.1,1.3
Clément Lenglet,fr FRA,DF,28,Aston Villa,14,14,1153,0,1,0.9,0.8
Robin Olsen,se SWE,GK,33,Aston Villa,5,4,405,0,0,0.0,0.0
Ashley Young,eng ENG,"DF,MF",38,Everton,31,27,2280,0,0,0.6,1.5
Ben Godfrey,eng ENG,DF,25,Everton,15,13,1120,0,0,1.7,0.3
Nathan Patterson,sct SCO,DF,21,Everton,20,9,1005,0,2,0.3,1.7
Séamus Coleman,ie IRL,DF,34,Everton,12,7,665,0,0,0.0,1.0
Alex Iwobi,ng NGA,MF,27,Everton,2,2,140,0,0,0.3,0.2
Youssef Chermiti,pt POR,FW,19,Everton,18,1,208,0,0,0.7,0.8
Neal Maupay,fr FRA,FW,26,Everton,2,1,111,0,0,1.4,0.1
Thomas Cannon,ie IRL,FW,20,Everton,1,0,1,0,0,0.0,0.0
Antonee Robinson,us USA,DF,25,Fulham,37,37,3265,0,6,0.7,4.2
Issa Diop,fr FRA,DF,26,Fulham,18,16,1424,0,0,0.3,0.0
Harrison Reed,eng ENG,MF,28,Fulham,27,15,1325,0,2,0.3,1.1
Armando Broja,al ALB,FW,21,Fulham,8,0,88,0,1,0.0,0.4
Luke Harris,wls WAL,MF,18,Fulham,1,0,75,0,0,0.3,0.0
Fodé Ballo-Touré,sn SEN,"DF,MF",26,Fulham,6,0,71,0,0,0.0,0.0
Aleksandar Mitrović,rs SRB,FW,28,Fulham,1,0,33,0,0,0.2,0.0
Jordan Pickford,eng ENG,GK,29,Everton,38,38,3420,0,0,0.0,0.1
Mikey Moore,eng ENG,MF,15,Tottenham Hotspur,2,0,4,0,0,0.0,0.0
Jamie Donley,eng ENG,FW,18,Tottenham Hotspur,3,0,3,0,0,0.0,0.0
André Onana,cm CMR,GK,27,Manchester United,38,38,3420,0,0,0.0,0.1
Aaron Wan-Bissaka,eng ENG,DF,25,Manchester United,22,20,1780,0,2,0.1,1.5
Jonny Evans,nir NIR,DF,35,Manchester United,23,15,1392,0,1,0.1,1.2
Luke Shaw,eng ENG,DF,28,Manchester United,12,12,959,0,0,0.0,1.0
Sofyan Amrabat,ma MAR,"MF,DF",26,Manchester United,21,10,938,0,0,0.1,0.3
Lisandro Martínez,ar ARG,DF,25,Manchester United,11,8,646,0,1,0.0,0.1
Oliver Skipp,eng ENG,"MF,DF",22,Tottenham Hotspur,21,5,707,0,0,0.7,0.6
Radu Drăgușin,ro ROU,DF,21,Tottenham Hotspur,9,4,429,0,0,0.1,0.0
Bryan Gil,es ESP,"FW,MF",22,Tottenham Hotspur,11,2,209,0,0,0.8,0.2
Manor Solomon,il ISR,FW,24,Tottenham Hotspur,5,2,199,0,2,0.4,0.8
Eric Dier,eng ENG,DF,29,Tottenham Hotspur,4,1,201,0,0,0.0,0.0
Ivan Perišić,hr CRO,FW,34,Tottenham Hotspur,5,0,103,0,1,0.1,0.9
Davinson Sánchez,co COL,DF,27,Tottenham Hotspur,1,0,77,0,0,0.1,0.0
Dane Scarlett,eng ENG,FW,19,Tottenham Hotspur,4,0,22,0,0,0.0,0.0
Jakub Moder,pl POL,"MF,DF",24,Brighton,17,6,618,0,0,0.6,0.8
Mahmoud Dahoud,de GER,MF,27,Brighton,9,6,452,0,1,0.2,0.9
Julio Enciso,py PAR,"MF,FW",19,Brighton,12,5,475,0,2,1.4,1.7
Valentín Barco,ar ARG,"DF,FW",19,Brighton,6,3,307,0,0,0.2,0.2
Odeluga Offiah,eng ENG,DF,20,Brighton,4,1,128,0,0,0.0,0.0
Mark O'Mahony,ie IRL,FW,18,Brighton,3,1,63,0,0,0.1,0.0
Benicio Boaitey,eng ENG,"FW,DF",19,Brighton,5,0,40,0,0,0.0,0.1
Ryan Christie,sct SCO,MF,28,Bournemouth,37,35,2907,0,5,2.3,5.4
Michael Ndiweni,eng ENG,FW,19,Newcastle United,1,0,1,0,0,0.0,0.0
Guglielmo Vicario,it ITA,GK,26,Tottenham Hotspur,38,38,3420,0,0,0.0,0.0
Yves Bissouma,ml MLI,MF,26,Tottenham Hotspur,28,26,2068,0,0,1.4,0.4
Carlos Baleba,cm CMR,MF,19,Brighton,27,15,1325,0,0,0.8,0.3
Adam Webster,eng ENG,DF,28,Brighton,15,13,1144,0,0,0.4,0.1
Adam Lallana,eng ENG,"MF,FW",35,Brighton,25,13,850,0,1,0.8,1.7
James Milner,eng ENG,"DF,MF",37,Brighton,15,11,773,0,2,0.3,1.8
Tariq Lamptey,gh GHA,"DF,FW",22,Brighton,19,10,914,0,3,0.4,1.2
Emil Krafth,se SWE,DF,28,Newcastle United,17,8,913,0,0,0.2,1.0
Loris Karius,de GER,GK,30,Newcastle United,1,1,90,0,0,0.0,0.0
Matt Targett,eng ENG,DF,27,Newcastle United,3,1,78,0,0,0.0,0.0
Ben Parkinson,eng ENG,FW,18,Newcastle United,1,0,25,0,0,0.0,0.0
Paul Dummett,wls WAL,DF,31,Newcastle United,5,0,20,0,0,0.0,0.0
Alex Murphy,ie IRL,"DF,FW",19,Newcastle United,2,0,13,0,0,0.0,0.0
Joe White,eng ENG,MF,20,Newcastle United,4,0,13,0,0,0.0,0.0
Amadou Diallo,eng ENG,MF,20,Newcastle United,1,0,1,0,0,0.0,0.0
Tyler Onyango,eng ENG,MF,20,Everton,1,0,1,0,0,0.0,0.0
Lewis Warrington,eng ENG,FW,20,Everton,1,0,1,0,0,0.0,0.0
Jan Paul van Hecke,nl NED,DF,23,Brighton,28,26,2369,0,0,1.2,0.9
Billy Gilmour,sct SCO,MF,22,Brighton,30,24,2120,0,1,1.0,2.0
Bart Verbruggen,nl NED,GK,20,Brighton,21,21,1890,0,0,0.0,0.0
Igor,br BRA,DF,25,Brighton,24,17,1637,0,0,0.3,0.7
Jason Steele,eng ENG,GK,32,Brighton,17,17,1530,0,0,0.0,0.0
Elliot Anderson,sct SCO,"MF,FW",20,Newcastle United,21,10,1027,0,2,1.5,1.9
Łukasz Fabiański,pl POL,GK,38,West Ham United,10,7,721,0,0,0.0,0.0
Angelo Ogbonna,it ITA,DF,35,West Ham United,11,7,635,0,0,0.0,0.0
Saïd Benrahma,dz ALG,"FW,MF",27,West Ham United,13,5,620,0,1,1.8,1.4
Ben Johnson,eng ENG,"DF,FW",23,West Ham United,14,4,544,0,0,0.2,0.0
Aaron Cresswell,eng ENG,"DF,FW",33,West Ham United,11,4,436,0,0,0.0,0.4
Pablo Fornals,es ESP,"MF,FW",27,West Ham United,15,4,426,0,0,0.3,0.3
Kalvin Phillips,eng ENG,MF,27,West Ham United,8,3,309,0,0,0.1,0.0
Divin Mubama,eng ENG,FW,18,West Ham United,5,0,80,0,0,0.1,0.0
Nélson Semedo,pt POR,"DF,MF",29,Wolverhampton,36,36,3084,0,1,1.3,1.7
José Sá,pt POR,GK,30,Wolverhampton,35,35,3037,0,1,0.0,0.0
Tommy Doyle,eng ENG,MF,21,Wolverhampton,26,11,1222,0,0,0.4,0.4
Santiago Bueno,uy URU,DF,24,Wolverhampton,12,9,822,0,0,0.0,0.1
Boubacar Traoré,ml MLI,MF,21,Wolverhampton,24,7,819,0,0,0.3,0.4
Hugo Bueno,es ESP,"DF,MF",20,Wolverhampton,22,7,741,0,0,0.3,0.8
Ben Chilwell,eng ENG,DF,26,Chelsea,13,9,756,0,1,1.2,2.2
Alphonse Areola,fr FRA,GK,30,West Ham United,31,31,2699,0,0,0.0,0.0
Joe Rothwell,eng ENG,MF,28,Bournemouth,11,3,386,0,0,0.1,0.2
Ionuț Radu,ro ROU,GK,26,Bournemouth,2,2,180,0,0,0.0,0.0
Jaidon Anthony,eng ENG,FW,23,Bournemouth,3,2,152,0,0,0.1,0.0
Tyler Adams,us USA,MF,24,Bournemouth,3,1,121,0,0,0.0,0.1
James Hill,eng ENG,DF,21,Bournemouth,5,1,76,0,0,0.0,0.0
Hamed Junior Traorè,ci CIV,MF,23,Bournemouth,3,0,47,0,0,0.2,0.0
Romain Faivre,fr FRA,"MF,FW",25,Bournemouth,5,0,41,0,0,0.2,0.0
Dominic Sadi,eng ENG,FW,19,Bournemouth,1,0,1,0,0,0.0,0.0
Neto,br BRA,GK,34,Bournemouth,32,32,2880,0,0,0.0,0.0
Lewis Cook,eng ENG,MF,26,Bournemouth,33,32,2786,0,3,0.4,4.3
Adam Smith,eng ENG,DF,32,Bournemouth,28,25,2150,0,2,0.1,1.3
Milos Kerkez,hu HUN,DF,19,Bournemouth,28,22,1970,0,1,1.2,0.8
Lloyd Kelly,eng ENG,DF,24,Bournemouth,23,17,1559,0,1,0.3,1.2
Max Aarons,eng ENG,DF,23,Bournemouth,20,13,1237,0,1,0.0,0.8
Chris Mepham,wls WAL,DF,25,Bournemouth,10,6,617,0,1,0.1,0.4
Mark Travers,ie IRL,GK,24,Bournemouth,4,4,360,0,0,0.0,0.0
Martin Dúbravka,sk SVK,GK,34,Newcastle United,23,22,1985,0,0,0.0,0.1
Nick Pope,eng ENG,GK,31,Newcastle United,15,15,1345,0,0,0.0,0.0
Daniel Bentley,eng ENG,GK,30,Wolverhampton,5,3,383,0,0,0.0,0.0
Fábio Silva,pt POR,FW,21,Wolverhampton,8,3,264,0,0,1.0,0.2
Matheus Nunes,pt POR,MF,24,Wolverhampton,2,2,179,0,0,0.1,0.1
Leon Chiwome,eng ENG,FW,17,Wolverhampton,3,2,174,0,0,0.1,0.0
Nathan Fraser,ie IRL,FW,18,Wolverhampton,7,1,186,0,0,0.3,0.1
Tawanda Chirewa,zw ZIM,"MF,FW",19,Wolverhampton,8,1,145,0,0,0.2,0.0
Ian Maatsen,nl NED,"FW,MF",21,Chelsea,12,1,209,0,0,0.8,0.1
Cesare Casadei,it ITA,"FW,MF",20,Chelsea,11,0,79,0,0,0.0,0.1
Roméo Lavia,be BEL,MF,19,Chelsea,1,0,33,0,0,0.0,0.0
Deivid Washington,br BRA,"DF,FW",18,Chelsea,2,0,13,0,0,0.5,0.0
Mason Burstow,eng ENG,FW,19,Chelsea,2,0,9,0,0,0.0,0.0
Joshua Acheampong,eng ENG,DF,17,Chelsea,1,0,6,0,0,0.0,0.0
Alex Matos,eng ENG,MF,18,Chelsea,1,0,1,0,0,0.0,0.0
Jimi Tauriainen,eng ENG,FW,19,Chelsea,1,0,1,0,0,0.0,0.0
Adam Wharton,eng ENG,MF,19,Crystal Palace,16,15,1297,0,3,0.3,2.4
Nathaniel Clyne,eng ENG,DF,32,Crystal Palace,19,14,1338,0,0,0.2,0.2
Cheick Doucouré,ml MLI,MF,23,Crystal Palace,11,11,919,0,0,0.3,0.7
Jaïro Riedewald,nl NED,"MF,FW",26,Crystal Palace,9,2,235,0,0,0.0,0.0
Matheus França,br BRA,"MF,FW",19,Crystal Palace,10,1,232,0,1,0.4,0.9
Naouirou Ahamada,fr FRA,"MF,FW",21,Crystal Palace,20,0,349,0,0,0.5,0.0
Reece James,eng ENG,DF,23,Chelsea,10,5,419,0,2,0.3,1.7
Lesley Ugochukwu,fr FRA,MF,19,Chelsea,12,3,301,0,0,0.0,0.1
Thilo Kehrer,de GER,"DF,MF",26,West Ham United,4,0,22,0,0,0.0,0.0
Kaelan Casey,eng ENG,DF,18,West Ham United,1,0,1,0,0,0.0,0.0
Marc Guéhi,eng ENG,DF,23,Crystal Palace,25,23,2021,0,1,0.6,0.6
Joel Ward,eng ENG,DF,33,Crystal Palace,26,23,1980,0,1,0.9,0.2
Will Hughes,eng ENG,MF,28,Crystal Palace,30,23,1891,0,1,0.3,1.1
Sam Johnstone,eng ENG,GK,30,Crystal Palace,20,20,1796,0,0,0.0,0.0
Dean Henderson,eng ENG,GK,26,Crystal Palace,18,18,1620,0,0,0.0,0.0
Daniel Muñoz,co COL,"DF,MF",27,Crystal Palace,16,16,1439,0,4,1.2,2.4
Josh Dasilva,eng ENG,"DF,FW",24,Brentford,3,0,24,0,0,0.0,0.2
Myles Peart-Harris,eng ENG,"DF,MF",20,Brentford,3,0,13,0,0,0.0,0.0
Murillo,br BRA,DF,21,Nottingham Forest,32,32,2789,0,2,1.8,1.2
Sergio Reguilón,es ESP,DF,26,Manchester United,9,4,412,0,0,0.2,0.7
Willy Kambwala,fr FRA,DF,18,Manchester United,8,3,330,0,0,0.0,0.0
Facundo Pellistri,uy URU,"FW,MF",21,Manchester United,9,1,172,0,1,0.7,0.1
Omari Forson,eng ENG,FW,19,Manchester United,4,1,70,0,1,0.0,0.2
Jadon Sancho,eng ENG,"FW,MF",23,Manchester United,3,0,79,0,0,0.0,0.1
Ethan Nwaneri,eng ENG,FW,16,Arsenal,1,0,14,0,0,0.0,0.0
Đorđe Petrović,rs SRB,GK,23,Chelsea,23,22,1987,0,0,0.0,0.0
Marc Cucurella,es ESP,DF,25,Chelsea,21,20,1782,0,2,1.1,1.1
Malo Gusto,fr FRA,DF,20,Chelsea,27,19,1751,0,6,0.9,4.3
Robert Sánchez,es ESP,GK,25,Chelsea,16,16,1433,0,0,0.0,0.0
Benoît Badiashile,fr FRA,DF,22,Chelsea,18,15,1338,0,1,0.3,1.5
Thomas Strakosha,al ALB,GK,28,Brentford,2,1,135,0,0,0.0,0.0
Michael Olakigbe,eng ENG,"DF,FW",19,Brentford,8,0,59,0,0,0.1,0.0
Jorginho,it ITA,MF,31,Arsenal,24,10,921,0,2,0.1,1.4
Thomas Partey,gh GHA,"MF,DF",30,Arsenal,14,9,788,0,0,0.4,0.3
Aaron Ramsdale,eng ENG,GK,25,Arsenal,6,6,540,0,0,0.0,0.0
Emile Smith Rowe,eng ENG,MF,23,Arsenal,13,3,353,0,1,2.0,0.2
Reiss Nelson,eng ENG,FW,23,Arsenal,15,1,268,0,0,0.2,0.6
Jurriën Timber,nl NED,DF,22,Arsenal,2,1,71,0,0,0.0,0.0
Cédric Soares,pt POR,DF,31,Arsenal,3,0,62,0,0,0.0,0.0
Mohamed Elneny,eg EGY,MF,31,Arsenal,3,0,28,0,0,0.1,0.0
Jonny Castro,es ESP,MF,29,Wolverhampton,1,0,5,0,0,0.0,0.0
Enso Gonzalez,py PAR,"MF,DF",18,Wolverhampton,1,0,1,0,0,0.0,0.0
Mark Flekken,nl NED,GK,30,Brentford,37,37,3285,0,1,0.0,0.5
Sergio Reguilón,es ESP,DF,26,Brentford,16,14,1118,0,4,0.8,2.8
Aaron Hickey,sct SCO,DF,21,Brentford,9,9,713,0,0,0.2,0.1
Mikkel Damsgaard,dk DEN,MF,23,Brentford,23,7,842,0,2,0.9,1.4
Yehor Yarmoliuk,ua UKR,MF,19,Brentford,27,6,688,0,0,1.0,0.1
Rico Henry,eng ENG,DF,26,Brentford,5,5,401,0,1,0.1,1.0
Benson Manuel,ao ANG,"MF,FW",26,Burnley,8,1,116,0,0,0.1,0.0
Nathan Redmond,eng ENG,"FW,MF",29,Burnley,12,0,142,0,0,0.0,0.3
Jack Cork,eng ENG,MF,34,Burnley,4,0,27,0,0,0.0,0.0
Michael Obafemi,ie IRL,"FW,MF",23,Burnley,2,0,20,0,0,0.1,0.0
Daniel Jebbison,eng ENG,FW,19,Sheffield United,1,0,21,0,0,0.0,0.0
Antwoine Hackford,eng ENG,FW,19,Sheffield United,2,0,13,0,0,0.0,0.0
Sydie Peck,eng ENG,MF,18,Sheffield United,1,0,10,0,0,0.0,0.0
Rhys Norrington-Davies,wls WAL,DF,24,Sheffield United,5,2,110,0,0,0.0,0.0
Ederson,br BRA,GK,29,Manchester City,33,33,2785,0,0,0.0,0.1
Arijanet Muric,xk KVX,GK,24,Burnley,10,10,900,0,0,0.0,0.2
Connor Roberts,wls WAL,DF,27,Burnley,14,8,823,0,1,0.0,0.2
Hannes Delcroix,be BEL,DF,24,Burnley,12,5,589,0,0,0.4,0.2
Aaron Ramsey,eng ENG,"MF,FW",20,Burnley,14,5,527,0,0,0.3,0.4
Hjalmar Ekdal,se SWE,DF,24,Burnley,8,5,437,0,0,0.1,0.1
Mike Trésor,be BEL,"FW,MF",24,Burnley,16,3,420,0,0,0.5,0.4
Anass Zaroury,ma MAR,"FW,MF",22,Burnley,6,1,152,0,0,0.2,0.0
Amari'i Bell,jm JAM,DF,29,Luton Town,21,21,1720,0,0,0.3,0.5
Reece Burke,eng ENG,DF,26,Luton Town,22,20,1660,0,4,1.3,1.4
Stefan Ortega,de GER,GK,30,Manchester City,9,5,635,0,0,0.0,0.0
Maxime Estève,fr FRA,DF,21,Burnley,16,15,1309,0,0,0.3,0.0
Matheus Nunes,pt POR,MF,24,Manchester City,17,7,661,0,2,0.8,1.1
Jordan Beyer,de GER,DF,23,Burnley,15,15,1234,0,1,0.5,0.3
Rúben Dias,pt POR,DF,26,Manchester City,30,28,2559,0,0,1.4,0.3
Kyle Walker,eng ENG,DF,33,Manchester City,32,30,2767,0,4,0.4,2.6
Brennan Johnson,wls WAL,"FW,MF",22,Nottingham Forest,3,3,237,0,0,0.3,0.2
Gio Reyna,us USA,"FW,MF",20,Nottingham Forest,9,2,235,0,1,0.3,0.5
Cheikhou Kouyaté,sn SEN,MF,33,Nottingham Forest,12,2,212,0,0,0.3,0.0
Rodrigo Ribeiro,pt POR,"MF,FW",18,Nottingham Forest,4,0,17,0,0,0.0,0.0
Andrey Santos,br BRA,MF,19,Nottingham Forest,1,0,8,0,0,0.1,0.0
Brandon Aguilera,cr CRC,FW,20,Nottingham Forest,1,0,5,0,0,0.0,0.0
Thomas Kaminski,be BEL,GK,30,Luton Town,38,38,3405,0,0,0.0,0.0
Issa Kaboré,bf BFA,DF,22,Luton Town,24,21,1729,0,2,0.2,2.1
James Trafford,eng ENG,GK,20,Burnley,28,28,2520,0,0,0.0,0.0
Vitinho,br BRA,"DF,MF",24,Burnley,32,26,2314,0,2,1.6,1.3
David Ozoh,eng ENG,"MF,DF",18,Crystal Palace,9,0,156,0,0,0.0,0.0
Jesurun Rak Sakyi,eng ENG,"MF,FW",20,Crystal Palace,6,0,136,0,0,0.4,0.2
James Tomkins,eng ENG,DF,34,Crystal Palace,4,0,10,0,0,0.0,0.0
Remi Matthews,eng ENG,GK,29,Crystal Palace,1,0,4,0,0,0.0,0.0
Bernd Leno,de GER,GK,31,Fulham,38,38,3420,0,0,0.0,0.0
Pierre Højbjerg,dk DEN,MF,27,Tottenham Hotspur,36,8,1311,0,0,0.7,1.2
Jayden Danns,eng ENG,FW,17,Liverpool,2,0,9,0,0,0.0,0.0
Owen Beck,wls WAL,DF,20,Liverpool,1,0,8,0,0,0.0,0.0
Thiago Alcántara,es ESP,MF,32,Liverpool,1,0,6,0,0,0.0,0.0
James McConnell,eng ENG,MF,18,Liverpool,3,0,4,0,0,0.0,0.0
Kaide Gordon,eng ENG,FW,18,Liverpool,1,0,1,0,0,0.0,0.0
David Raya,es ESP,GK,27,Arsenal,32,32,2880,0,0,0.0,0.0
James Shea,eng ENG,GK,32,Luton Town,1,0,15,0,0,0.0,0.0
Zack Nelson,eng ENG,"MF,DF",18,Luton Town,2,0,7,0,0,0.0,0.0
Joe Gomez,eng ENG,DF,26,Liverpool,32,17,1786,0,1,0.8,1.3
Ibrahima Konaté,fr FRA,DF,24,Liverpool,22,17,1574,0,0,0.7,0.4
Caoimhín Kelleher,ie IRL,GK,24,Liverpool,10,10,900,0,0,0.0,0.0
Joël Matip,cm CMR,DF,31,Liverpool,10,9,781,0,0,0.5,0.1
Kostas Tsimikas,gr GRE,DF,27,Liverpool,13,8,679,0,3,0.1,1.0
Bobby Clark,eng ENG,MF,18,Liverpool,5,1,89,0,0,0.1,0.0
Stefan Bajcetic,es ESP,MF,18,Liverpool,1,0,26,0,0,0.0,0.0
Ben Doak,sct SCO,FW,17,Liverpool,1,0,14,0,0,0.0,0.0
John Fleck,sct SCO,"MF,DF",31,Sheffield United,4,1,92,0,0,0.0,0.4
Sam Curtis,ie IRL,DF,17,Sheffield United,1,0,28,0,0,0.0,0.0
Marvelous Nakamba,zw ZIM,MF,29,Luton Town,13,13,1130,0,0,0.2,0.4
Pelly Ruddock Mpanzu,cd COD,MF,30,Luton Town,27,11,1101,0,0,0.6,0.4
Daiki Hashioka,jp JPN,DF,24,Luton Town,10,6,595,0,0,0.1,0.7
Ryan John Giles,eng ENG,"DF,MF",23,Luton Town,11,5,503,0,0,0.1,0.2
Fred Onyedinma,eng ENG,"DF,MF",26,Luton Town,8,4,407,0,0,0.2,0.1
Joseph Johnson,eng ENG,DF,17,Luton Town,2,0,77,0,0,0.0,0.0
